date,location,Feature1,Feature2
2020-02-25,Afghanistan,A,B
2020-02-26,Afghanistan,C,D
2020-02-27,Afghanistan,E,F
2020-02-28,Afghanistan,G,H
2020-02-29,Afghanistan,I,J
2020-03-01,Afghanistan,,
2020-03-02,Afghanistan,,
2020-03-03,Afghanistan,,
2020-03-04,Afghanistan,,
2020-03-05,Afghanistan,,
2020-03-06,Afghanistan,,
2020-03-07,Afghanistan,,
2020-03-08,Afghanistan,,
2020-03-09,Afghanistan,,
2020-03-10,Afghanistan,,
2020-03-11,Afghanistan,,
2020-03-12,Afghanistan,,
2020-03-13,Afghanistan,,
2020-03-14,Afghanistan,,
2020-03-15,Afghanistan,,
2020-03-16,Afghanistan,,
2020-03-17,Afghanistan,,
2020-03-09,Albania,,
2020-03-10,Albania,,
2020-03-11,Albania,,
2020-03-12,Albania,,
2020-03-13,Albania,,
2020-03-14,Albania,,
2020-03-15,Albania,,
2020-03-16,Albania,,
2020-03-17,Albania,,
2020-02-26,Algeria,,
2020-02-27,Algeria,,
2020-02-28,Algeria,,
2020-02-29,Algeria,,
2020-03-01,Algeria,,
2020-03-02,Algeria,,
2020-03-03,Algeria,,
2020-03-04,Algeria,,
2020-03-05,Algeria,,
2020-03-06,Algeria,,
2020-03-07,Algeria,,
2020-03-08,Algeria,,
2020-03-09,Algeria,,
2020-03-10,Algeria,,
2020-03-11,Algeria,,
2020-03-12,Algeria,,
2020-03-13,Algeria,,
2020-03-14,Algeria,,
2020-03-15,Algeria,,
2020-03-16,Algeria,,
2020-03-17,Algeria,,
2020-03-03,Andorra,,
2020-03-04,Andorra,,
2020-03-05,Andorra,,
2020-03-06,Andorra,,
2020-03-07,Andorra,,
2020-03-08,Andorra,,
2020-03-09,Andorra,,
2020-03-10,Andorra,,
2020-03-11,Andorra,,
2020-03-12,Andorra,,
2020-03-13,Andorra,,
2020-03-14,Andorra,,
2020-03-15,Andorra,,
2020-03-16,Andorra,,
2020-03-17,Andorra,,
2020-03-14,Antigua and Barbuda,,
2020-03-15,Antigua and Barbuda,,
2020-03-16,Antigua and Barbuda,,
2020-03-17,Antigua and Barbuda,,
2020-03-04,Argentina,,
2020-03-05,Argentina,,
2020-03-06,Argentina,,
2020-03-07,Argentina,,
2020-03-08,Argentina,,
2020-03-09,Argentina,,
2020-03-10,Argentina,,
2020-03-11,Argentina,,
2020-03-12,Argentina,,
2020-03-13,Argentina,,
2020-03-14,Argentina,,
2020-03-15,Argentina,,
2020-03-16,Argentina,,
2020-03-17,Argentina,,
2020-03-02,Armenia,,
2020-03-03,Armenia,,
2020-03-04,Armenia,,
2020-03-05,Armenia,,
2020-03-06,Armenia,,
2020-03-07,Armenia,,
2020-03-08,Armenia,,
2020-03-09,Armenia,,
2020-03-10,Armenia,,
2020-03-11,Armenia,,
2020-03-12,Armenia,,
2020-03-13,Armenia,,
2020-03-14,Armenia,,
2020-03-15,Armenia,,
2020-03-16,Armenia,,
2020-03-17,Armenia,,
2020-03-17,Aruba,,
2020-01-25,Australia,,
2020-01-26,Australia,,
2020-01-27,Australia,,
2020-01-28,Australia,,
2020-01-29,Australia,,
2020-01-30,Australia,,
2020-01-31,Australia,,
2020-02-01,Australia,,
2020-02-02,Australia,,
2020-02-03,Australia,,
2020-02-04,Australia,,
2020-02-05,Australia,,
2020-02-06,Australia,,
2020-02-07,Australia,,
2020-02-08,Australia,,
2020-02-09,Australia,,
2020-02-10,Australia,,
2020-02-11,Australia,,
2020-02-12,Australia,,
2020-02-13,Australia,,
2020-02-14,Australia,,
2020-02-15,Australia,,
2020-02-16,Australia,,
2020-02-17,Australia,,
2020-02-18,Australia,,
2020-02-19,Australia,,
2020-02-20,Australia,,
2020-02-21,Australia,,
2020-02-22,Australia,,
2020-02-23,Australia,,
2020-02-24,Australia,,
2020-02-25,Australia,,
2020-02-26,Australia,,
2020-02-27,Australia,,
2020-02-28,Australia,,
2020-02-29,Australia,,
2020-03-01,Australia,,
2020-03-02,Australia,,
2020-03-03,Australia,,
2020-03-04,Australia,,
2020-03-05,Australia,,
2020-03-06,Australia,,
2020-03-07,Australia,,
2020-03-08,Australia,,
2020-03-09,Australia,,
2020-03-10,Australia,,
2020-03-11,Australia,,
2020-03-12,Australia,,
2020-03-13,Australia,,
2020-03-14,Australia,,
2020-03-15,Australia,,
2020-03-16,Australia,,
2020-03-17,Australia,,
2020-02-26,Austria,,
2020-02-27,Austria,,
2020-02-28,Austria,,
2020-02-29,Austria,,
2020-03-01,Austria,,
2020-03-02,Austria,,
2020-03-03,Austria,,
2020-03-04,Austria,,
2020-03-05,Austria,,
2020-03-06,Austria,,
2020-03-07,Austria,,
2020-03-08,Austria,,
2020-03-09,Austria,,
2020-03-10,Austria,,
2020-03-11,Austria,,
2020-03-12,Austria,,
2020-03-13,Austria,,
2020-03-14,Austria,,
2020-03-15,Austria,,
2020-03-16,Austria,,
2020-03-17,Austria,,
2020-03-01,Azerbaijan,,
2020-03-02,Azerbaijan,,
2020-03-03,Azerbaijan,,
2020-03-04,Azerbaijan,,
2020-03-05,Azerbaijan,,
2020-03-06,Azerbaijan,,
2020-03-07,Azerbaijan,,
2020-03-08,Azerbaijan,,
2020-03-09,Azerbaijan,,
2020-03-10,Azerbaijan,,
2020-03-11,Azerbaijan,,
2020-03-12,Azerbaijan,,
2020-03-13,Azerbaijan,,
2020-03-14,Azerbaijan,,
2020-03-15,Azerbaijan,,
2020-03-16,Azerbaijan,,
2020-03-17,Azerbaijan,,
2020-03-17,Bahamas,,
2020-02-25,Bahrain,,
2020-02-26,Bahrain,,
2020-02-27,Bahrain,,
2020-02-28,Bahrain,,
2020-02-29,Bahrain,,
2020-03-01,Bahrain,,
2020-03-02,Bahrain,,
2020-03-03,Bahrain,,
2020-03-04,Bahrain,,
2020-03-05,Bahrain,,
2020-03-06,Bahrain,,
2020-03-07,Bahrain,,
2020-03-08,Bahrain,,
2020-03-09,Bahrain,,
2020-03-10,Bahrain,,
2020-03-11,Bahrain,,
2020-03-12,Bahrain,,
2020-03-13,Bahrain,,
2020-03-14,Bahrain,,
2020-03-15,Bahrain,,
2020-03-16,Bahrain,,
2020-03-17,Bahrain,,
2020-03-09,Bangladesh,,
2020-03-10,Bangladesh,,
2020-03-11,Bangladesh,,
2020-03-12,Bangladesh,,
2020-03-13,Bangladesh,,
2020-03-14,Bangladesh,,
2020-03-15,Bangladesh,,
2020-03-16,Bangladesh,,
2020-03-17,Bangladesh,,
2020-02-28,Belarus,,
2020-02-29,Belarus,,
2020-03-01,Belarus,,
2020-03-02,Belarus,,
2020-03-03,Belarus,,
2020-03-04,Belarus,,
2020-03-05,Belarus,,
2020-03-06,Belarus,,
2020-03-07,Belarus,,
2020-03-08,Belarus,,
2020-03-09,Belarus,,
2020-03-10,Belarus,,
2020-03-11,Belarus,,
2020-03-12,Belarus,,
2020-03-13,Belarus,,
2020-03-14,Belarus,,
2020-03-15,Belarus,,
2020-03-16,Belarus,,
2020-03-17,Belarus,,
2020-02-05,Belgium,,
2020-02-06,Belgium,,
2020-02-07,Belgium,,
2020-02-08,Belgium,,
2020-02-09,Belgium,,
2020-02-10,Belgium,,
2020-02-11,Belgium,,
2020-02-12,Belgium,,
2020-02-13,Belgium,,
2020-02-14,Belgium,,
2020-02-15,Belgium,,
2020-02-16,Belgium,,
2020-02-17,Belgium,,
2020-02-18,Belgium,,
2020-02-19,Belgium,,
2020-02-20,Belgium,,
2020-02-21,Belgium,,
2020-02-22,Belgium,,
2020-02-23,Belgium,,
2020-02-24,Belgium,,
2020-02-25,Belgium,,
2020-02-26,Belgium,,
2020-02-27,Belgium,,
2020-02-28,Belgium,,
2020-02-29,Belgium,,
2020-03-01,Belgium,,
2020-03-02,Belgium,,
2020-03-03,Belgium,,
2020-03-04,Belgium,,
2020-03-05,Belgium,,
2020-03-06,Belgium,,
2020-03-07,Belgium,,
2020-03-08,Belgium,,
2020-03-09,Belgium,,
2020-03-10,Belgium,,
2020-03-11,Belgium,,
2020-03-12,Belgium,,
2020-03-13,Belgium,,
2020-03-14,Belgium,,
2020-03-15,Belgium,,
2020-03-16,Belgium,,
2020-03-17,Belgium,,
2020-03-17,Benin,,
2020-03-06,Bhutan,,
2020-03-07,Bhutan,,
2020-03-08,Bhutan,,
2020-03-09,Bhutan,,
2020-03-10,Bhutan,,
2020-03-11,Bhutan,,
2020-03-12,Bhutan,,
2020-03-13,Bhutan,,
2020-03-14,Bhutan,,
2020-03-15,Bhutan,,
2020-03-16,Bhutan,,
2020-03-17,Bhutan,,
2020-03-11,Bolivia,,
2020-03-12,Bolivia,,
2020-03-13,Bolivia,,
2020-03-14,Bolivia,,
2020-03-15,Bolivia,,
2020-03-16,Bolivia,,
2020-03-17,Bolivia,,
2020-03-05,Bosnia and Herzegovina,,
2020-03-06,Bosnia and Herzegovina,,
2020-03-07,Bosnia and Herzegovina,,
2020-03-08,Bosnia and Herzegovina,,
2020-03-09,Bosnia and Herzegovina,,
2020-03-10,Bosnia and Herzegovina,,
2020-03-11,Bosnia and Herzegovina,,
2020-03-12,Bosnia and Herzegovina,,
2020-03-13,Bosnia and Herzegovina,,
2020-03-14,Bosnia and Herzegovina,,
2020-03-15,Bosnia and Herzegovina,,
2020-03-16,Bosnia and Herzegovina,,
2020-03-17,Bosnia and Herzegovina,,
2020-02-27,Brazil,,
2020-02-28,Brazil,,
2020-02-29,Brazil,,
2020-03-01,Brazil,,
2020-03-02,Brazil,,
2020-03-03,Brazil,,
2020-03-04,Brazil,,
2020-03-05,Brazil,,
2020-03-06,Brazil,,
2020-03-07,Brazil,,
2020-03-08,Brazil,,
2020-03-09,Brazil,,
2020-03-10,Brazil,,
2020-03-11,Brazil,,
2020-03-12,Brazil,,
2020-03-13,Brazil,,
2020-03-14,Brazil,,
2020-03-15,Brazil,,
2020-03-16,Brazil,,
2020-03-17,Brazil,,
2020-03-10,Brunei,,
2020-03-11,Brunei,,
2020-03-12,Brunei,,
2020-03-13,Brunei,,
2020-03-14,Brunei,,
2020-03-15,Brunei,,
2020-03-16,Brunei,,
2020-03-17,Brunei,,
2020-03-08,Bulgaria,,
2020-03-09,Bulgaria,,
2020-03-10,Bulgaria,,
2020-03-11,Bulgaria,,
2020-03-12,Bulgaria,,
2020-03-13,Bulgaria,,
2020-03-14,Bulgaria,,
2020-03-15,Bulgaria,,
2020-03-16,Bulgaria,,
2020-03-17,Bulgaria,,
2020-03-11,Burkina Faso,,
2020-03-12,Burkina Faso,,
2020-03-13,Burkina Faso,,
2020-03-14,Burkina Faso,,
2020-03-15,Burkina Faso,,
2020-03-16,Burkina Faso,,
2020-03-17,Burkina Faso,,
2020-01-28,Cambodia,,
2020-01-29,Cambodia,,
2020-01-30,Cambodia,,
2020-01-31,Cambodia,,
2020-02-01,Cambodia,,
2020-02-02,Cambodia,,
2020-02-03,Cambodia,,
2020-02-04,Cambodia,,
2020-02-05,Cambodia,,
2020-02-06,Cambodia,,
2020-02-07,Cambodia,,
2020-02-08,Cambodia,,
2020-02-09,Cambodia,,
2020-02-10,Cambodia,,
2020-02-11,Cambodia,,
2020-02-12,Cambodia,,
2020-02-13,Cambodia,,
2020-02-14,Cambodia,,
2020-02-15,Cambodia,,
2020-02-16,Cambodia,,
2020-02-17,Cambodia,,
2020-02-18,Cambodia,,
2020-02-19,Cambodia,,
2020-02-20,Cambodia,,
2020-02-21,Cambodia,,
2020-02-22,Cambodia,,
2020-02-23,Cambodia,,
2020-02-24,Cambodia,,
2020-02-25,Cambodia,,
2020-02-26,Cambodia,,
2020-02-27,Cambodia,,
2020-02-28,Cambodia,,
2020-02-29,Cambodia,,
2020-03-01,Cambodia,,
2020-03-02,Cambodia,,
2020-03-03,Cambodia,,
2020-03-04,Cambodia,,
2020-03-05,Cambodia,,
2020-03-06,Cambodia,,
2020-03-07,Cambodia,,
2020-03-08,Cambodia,,
2020-03-09,Cambodia,,
2020-03-10,Cambodia,,
2020-03-11,Cambodia,,
2020-03-12,Cambodia,,
2020-03-13,Cambodia,,
2020-03-14,Cambodia,,
2020-03-15,Cambodia,,
2020-03-16,Cambodia,,
2020-03-17,Cambodia,,
2020-03-06,Cameroon,,
2020-03-07,Cameroon,,
2020-03-08,Cameroon,,
2020-03-09,Cameroon,,
2020-03-10,Cameroon,,
2020-03-11,Cameroon,,
2020-03-12,Cameroon,,
2020-03-13,Cameroon,,
2020-03-14,Cameroon,,
2020-03-15,Cameroon,,
2020-03-16,Cameroon,,
2020-03-17,Cameroon,,
2020-01-27,Canada,,
2020-01-28,Canada,,
2020-01-29,Canada,,
2020-01-30,Canada,,
2020-01-31,Canada,,
2020-02-01,Canada,,
2020-02-02,Canada,,
2020-02-03,Canada,,
2020-02-04,Canada,,
2020-02-05,Canada,,
2020-02-06,Canada,,
2020-02-07,Canada,,
2020-02-08,Canada,,
2020-02-09,Canada,,
2020-02-10,Canada,,
2020-02-11,Canada,,
2020-02-12,Canada,,
2020-02-13,Canada,,
2020-02-14,Canada,,
2020-02-15,Canada,,
2020-02-16,Canada,,
2020-02-17,Canada,,
2020-02-18,Canada,,
2020-02-19,Canada,,
2020-02-20,Canada,,
2020-02-21,Canada,,
2020-02-22,Canada,,
2020-02-23,Canada,,
2020-02-24,Canada,,
2020-02-25,Canada,,
2020-02-26,Canada,,
2020-02-27,Canada,,
2020-02-28,Canada,,
2020-02-29,Canada,,
2020-03-01,Canada,,
2020-03-02,Canada,,
2020-03-03,Canada,,
2020-03-04,Canada,,
2020-03-05,Canada,,
2020-03-06,Canada,,
2020-03-07,Canada,,
2020-03-08,Canada,,
2020-03-09,Canada,,
2020-03-10,Canada,,
2020-03-11,Canada,,
2020-03-12,Canada,,
2020-03-13,Canada,,
2020-03-14,Canada,,
2020-03-15,Canada,,
2020-03-16,Canada,,
2020-03-17,Canada,,
2020-03-14,Cayman Islands,,
2020-03-15,Cayman Islands,,
2020-03-16,Cayman Islands,,
2020-03-17,Cayman Islands,,
2020-03-15,Central African Republic,,
2020-03-16,Central African Republic,,
2020-03-17,Central African Republic,,
2020-03-04,Chile,,
2020-03-05,Chile,,
2020-03-06,Chile,,
2020-03-07,Chile,,
2020-03-08,Chile,,
2020-03-09,Chile,,
2020-03-10,Chile,,
2020-03-11,Chile,,
2020-03-12,Chile,,
2020-03-13,Chile,,
2020-03-14,Chile,,
2020-03-15,Chile,,
2020-03-16,Chile,,
2020-03-17,Chile,,
2020-01-21,China,,
2020-01-22,China,,
2020-01-23,China,,
2020-01-24,China,,
2020-01-25,China,,
2020-01-26,China,,
2020-01-27,China,,
2020-01-28,China,,
2020-01-29,China,,
2020-01-30,China,,
2020-01-31,China,,
2020-02-01,China,,
2020-02-02,China,,
2020-02-03,China,,
2020-02-04,China,,
2020-02-05,China,,
2020-02-06,China,,
2020-02-07,China,,
2020-02-08,China,,
2020-02-09,China,,
2020-02-10,China,,
2020-02-11,China,,
2020-02-12,China,,
2020-02-13,China,,
2020-02-14,China,,
2020-02-15,China,,
2020-02-16,China,,
2020-02-17,China,,
2020-02-18,China,,
2020-02-19,China,,
2020-02-20,China,,
2020-02-21,China,,
2020-02-22,China,,
2020-02-23,China,,
2020-02-24,China,,
2020-02-25,China,,
2020-02-26,China,,
2020-02-27,China,,
2020-02-28,China,,
2020-02-29,China,,
2020-03-01,China,,
2020-03-02,China,,
2020-03-03,China,,
2020-03-04,China,,
2020-03-05,China,,
2020-03-06,China,,
2020-03-07,China,,
2020-03-08,China,,
2020-03-09,China,,
2020-03-10,China,,
2020-03-11,China,,
2020-03-12,China,,
2020-03-13,China,,
2020-03-14,China,,
2020-03-15,China,,
2020-03-16,China,,
2020-03-17,China,,
2020-03-07,Colombia,,
2020-03-08,Colombia,,
2020-03-09,Colombia,,
2020-03-10,Colombia,,
2020-03-11,Colombia,,
2020-03-12,Colombia,,
2020-03-13,Colombia,,
2020-03-14,Colombia,,
2020-03-15,Colombia,,
2020-03-16,Colombia,,
2020-03-17,Colombia,,
2020-03-15,Congo,,
2020-03-16,Congo,,
2020-03-17,Congo,,
2020-03-08,Costa Rica,,
2020-03-09,Costa Rica,,
2020-03-10,Costa Rica,,
2020-03-11,Costa Rica,,
2020-03-12,Costa Rica,,
2020-03-13,Costa Rica,,
2020-03-14,Costa Rica,,
2020-03-15,Costa Rica,,
2020-03-16,Costa Rica,,
2020-03-17,Costa Rica,,
2020-02-26,Croatia,,
2020-02-27,Croatia,,
2020-02-28,Croatia,,
2020-02-29,Croatia,,
2020-03-01,Croatia,,
2020-03-02,Croatia,,
2020-03-03,Croatia,,
2020-03-04,Croatia,,
2020-03-05,Croatia,,
2020-03-06,Croatia,,
2020-03-07,Croatia,,
2020-03-08,Croatia,,
2020-03-09,Croatia,,
2020-03-10,Croatia,,
2020-03-11,Croatia,,
2020-03-12,Croatia,,
2020-03-13,Croatia,,
2020-03-14,Croatia,,
2020-03-15,Croatia,,
2020-03-16,Croatia,,
2020-03-17,Croatia,,
2020-03-13,Cuba,,
2020-03-14,Cuba,,
2020-03-15,Cuba,,
2020-03-16,Cuba,,
2020-03-17,Cuba,,
2020-03-15,Curacao,,
2020-03-16,Curacao,,
2020-03-17,Curacao,,
2020-03-10,Cyprus,,
2020-03-11,Cyprus,,
2020-03-12,Cyprus,,
2020-03-13,Cyprus,,
2020-03-14,Cyprus,,
2020-03-15,Cyprus,,
2020-03-16,Cyprus,,
2020-03-17,Cyprus,,
2020-03-02,Czech Republic,,
2020-03-03,Czech Republic,,
2020-03-04,Czech Republic,,
2020-03-05,Czech Republic,,
2020-03-06,Czech Republic,,
2020-03-07,Czech Republic,,
2020-03-08,Czech Republic,,
2020-03-09,Czech Republic,,
2020-03-10,Czech Republic,,
2020-03-11,Czech Republic,,
2020-03-12,Czech Republic,,
2020-03-13,Czech Republic,,
2020-03-14,Czech Republic,,
2020-03-15,Czech Republic,,
2020-03-16,Czech Republic,,
2020-03-17,Czech Republic,,
2020-03-12,Cote d'Ivoire,,
2020-03-13,Cote d'Ivoire,,
2020-03-14,Cote d'Ivoire,,
2020-03-15,Cote d'Ivoire,,
2020-03-16,Cote d'Ivoire,,
2020-03-17,Cote d'Ivoire,,
2020-03-11,Democratic Republic of Congo,,
2020-03-12,Democratic Republic of Congo,,
2020-03-13,Democratic Republic of Congo,,
2020-03-14,Democratic Republic of Congo,,
2020-03-15,Democratic Republic of Congo,,
2020-03-16,Democratic Republic of Congo,,
2020-03-17,Democratic Republic of Congo,,
2020-02-27,Denmark,,
2020-02-28,Denmark,,
2020-02-29,Denmark,,
2020-03-01,Denmark,,
2020-03-02,Denmark,,
2020-03-03,Denmark,,
2020-03-04,Denmark,,
2020-03-05,Denmark,,
2020-03-06,Denmark,,
2020-03-07,Denmark,,
2020-03-08,Denmark,,
2020-03-09,Denmark,,
2020-03-10,Denmark,,
2020-03-11,Denmark,,
2020-03-12,Denmark,,
2020-03-13,Denmark,,
2020-03-14,Denmark,,
2020-03-15,Denmark,,
2020-03-16,Denmark,,
2020-03-17,Denmark,,
2020-03-02,Dominican Republic,,
2020-03-03,Dominican Republic,,
2020-03-04,Dominican Republic,,
2020-03-05,Dominican Republic,,
2020-03-06,Dominican Republic,,
2020-03-07,Dominican Republic,,
2020-03-08,Dominican Republic,,
2020-03-09,Dominican Republic,,
2020-03-10,Dominican Republic,,
2020-03-11,Dominican Republic,,
2020-03-12,Dominican Republic,,
2020-03-13,Dominican Republic,,
2020-03-14,Dominican Republic,,
2020-03-15,Dominican Republic,,
2020-03-16,Dominican Republic,,
2020-03-17,Dominican Republic,,
2020-03-01,Ecuador,,
2020-03-02,Ecuador,,
2020-03-03,Ecuador,,
2020-03-04,Ecuador,,
2020-03-05,Ecuador,,
2020-03-06,Ecuador,,
2020-03-07,Ecuador,,
2020-03-08,Ecuador,,
2020-03-09,Ecuador,,
2020-03-10,Ecuador,,
2020-03-11,Ecuador,,
2020-03-12,Ecuador,,
2020-03-13,Ecuador,,
2020-03-14,Ecuador,,
2020-03-15,Ecuador,,
2020-03-16,Ecuador,,
2020-03-17,Ecuador,,
2020-02-15,Egypt,,
2020-02-16,Egypt,,
2020-02-17,Egypt,,
2020-02-18,Egypt,,
2020-02-19,Egypt,,
2020-02-20,Egypt,,
2020-02-21,Egypt,,
2020-02-22,Egypt,,
2020-02-23,Egypt,,
2020-02-24,Egypt,,
2020-02-25,Egypt,,
2020-02-26,Egypt,,
2020-02-27,Egypt,,
2020-02-28,Egypt,,
2020-02-29,Egypt,,
2020-03-01,Egypt,,
2020-03-02,Egypt,,
2020-03-03,Egypt,,
2020-03-04,Egypt,,
2020-03-05,Egypt,,
2020-03-06,Egypt,,
2020-03-07,Egypt,,
2020-03-08,Egypt,,
2020-03-09,Egypt,,
2020-03-10,Egypt,,
2020-03-11,Egypt,,
2020-03-12,Egypt,,
2020-03-13,Egypt,,
2020-03-14,Egypt,,
2020-03-15,Egypt,,
2020-03-16,Egypt,,
2020-03-17,Egypt,,
2020-03-15,Equatorial Guinea,,
2020-03-16,Equatorial Guinea,,
2020-03-17,Equatorial Guinea,,
2020-02-27,Estonia,,
2020-02-28,Estonia,,
2020-02-29,Estonia,,
2020-03-01,Estonia,,
2020-03-02,Estonia,,
2020-03-03,Estonia,,
2020-03-04,Estonia,,
2020-03-05,Estonia,,
2020-03-06,Estonia,,
2020-03-07,Estonia,,
2020-03-08,Estonia,,
2020-03-09,Estonia,,
2020-03-10,Estonia,,
2020-03-11,Estonia,,
2020-03-12,Estonia,,
2020-03-13,Estonia,,
2020-03-14,Estonia,,
2020-03-15,Estonia,,
2020-03-16,Estonia,,
2020-03-17,Estonia,,
2020-03-15,Swaziland,,
2020-03-16,Swaziland,,
2020-03-17,Swaziland,,
2020-03-14,Ethiopia,,
2020-03-15,Ethiopia,,
2020-03-16,Ethiopia,,
2020-03-17,Ethiopia,,
2020-03-08,Faeroe Islands,,
2020-03-09,Faeroe Islands,,
2020-03-10,Faeroe Islands,,
2020-03-11,Faeroe Islands,,
2020-03-12,Faeroe Islands,,
2020-03-13,Faeroe Islands,,
2020-03-14,Faeroe Islands,,
2020-03-15,Faeroe Islands,,
2020-03-16,Faeroe Islands,,
2020-03-17,Faeroe Islands,,
2020-01-30,Finland,,
2020-01-31,Finland,,
2020-02-01,Finland,,
2020-02-02,Finland,,
2020-02-03,Finland,,
2020-02-04,Finland,,
2020-02-05,Finland,,
2020-02-06,Finland,,
2020-02-07,Finland,,
2020-02-08,Finland,,
2020-02-09,Finland,,
2020-02-10,Finland,,
2020-02-11,Finland,,
2020-02-12,Finland,,
2020-02-13,Finland,,
2020-02-14,Finland,,
2020-02-15,Finland,,
2020-02-16,Finland,,
2020-02-17,Finland,,
2020-02-18,Finland,,
2020-02-19,Finland,,
2020-02-20,Finland,,
2020-02-21,Finland,,
2020-02-22,Finland,,
2020-02-23,Finland,,
2020-02-24,Finland,,
2020-02-25,Finland,,
2020-02-26,Finland,,
2020-02-27,Finland,,
2020-02-28,Finland,,
2020-02-29,Finland,,
2020-03-01,Finland,,
2020-03-02,Finland,,
2020-03-03,Finland,,
2020-03-04,Finland,,
2020-03-05,Finland,,
2020-03-06,Finland,,
2020-03-07,Finland,,
2020-03-08,Finland,,
2020-03-09,Finland,,
2020-03-10,Finland,,
2020-03-11,Finland,,
2020-03-12,Finland,,
2020-03-13,Finland,,
2020-03-14,Finland,,
2020-03-15,Finland,,
2020-03-16,Finland,,
2020-03-17,Finland,,
2020-01-25,France,,
2020-01-26,France,,
2020-01-27,France,,
2020-01-28,France,,
2020-01-29,France,,
2020-01-30,France,,
2020-01-31,France,,
2020-02-01,France,,
2020-02-02,France,,
2020-02-03,France,,
2020-02-04,France,,
2020-02-05,France,,
2020-02-06,France,,
2020-02-07,France,,
2020-02-08,France,,
2020-02-09,France,,
2020-02-10,France,,
2020-02-11,France,,
2020-02-12,France,,
2020-02-13,France,,
2020-02-14,France,,
2020-02-15,France,,
2020-02-16,France,,
2020-02-17,France,,
2020-02-18,France,,
2020-02-19,France,,
2020-02-20,France,,
2020-02-21,France,,
2020-02-22,France,,
2020-02-23,France,,
2020-02-24,France,,
2020-02-25,France,,
2020-02-26,France,,
2020-02-27,France,,
2020-02-28,France,,
2020-02-29,France,,
2020-03-01,France,,
2020-03-02,France,,
2020-03-03,France,,
2020-03-04,France,,
2020-03-05,France,,
2020-03-06,France,,
2020-03-07,France,,
2020-03-08,France,,
2020-03-09,France,,
2020-03-10,France,,
2020-03-11,France,,
2020-03-12,France,,
2020-03-13,France,,
2020-03-14,France,,
2020-03-15,France,,
2020-03-16,France,,
2020-03-17,France,,
2020-03-08,French Guiana,,
2020-03-09,French Guiana,,
2020-03-10,French Guiana,,
2020-03-11,French Guiana,,
2020-03-12,French Guiana,,
2020-03-13,French Guiana,,
2020-03-14,French Guiana,,
2020-03-15,French Guiana,,
2020-03-16,French Guiana,,
2020-03-17,French Guiana,,
2020-03-12,French Polynesia,,
2020-03-13,French Polynesia,,
2020-03-14,French Polynesia,,
2020-03-15,French Polynesia,,
2020-03-16,French Polynesia,,
2020-03-17,French Polynesia,,
2020-03-14,Gabon,,
2020-03-15,Gabon,,
2020-03-16,Gabon,,
2020-03-17,Gabon,,
2020-02-27,Georgia,,
2020-02-28,Georgia,,
2020-02-29,Georgia,,
2020-03-01,Georgia,,
2020-03-02,Georgia,,
2020-03-03,Georgia,,
2020-03-04,Georgia,,
2020-03-05,Georgia,,
2020-03-06,Georgia,,
2020-03-07,Georgia,,
2020-03-08,Georgia,,
2020-03-09,Georgia,,
2020-03-10,Georgia,,
2020-03-11,Georgia,,
2020-03-12,Georgia,,
2020-03-13,Georgia,,
2020-03-14,Georgia,,
2020-03-15,Georgia,,
2020-03-16,Georgia,,
2020-03-17,Georgia,,
2020-01-28,Germany,,
2020-01-29,Germany,,
2020-01-30,Germany,,
2020-01-31,Germany,,
2020-02-01,Germany,,
2020-02-02,Germany,,
2020-02-03,Germany,,
2020-02-04,Germany,,
2020-02-05,Germany,,
2020-02-06,Germany,,
2020-02-07,Germany,,
2020-02-08,Germany,,
2020-02-09,Germany,,
2020-02-10,Germany,,
2020-02-11,Germany,,
2020-02-12,Germany,,
2020-02-13,Germany,,
2020-02-14,Germany,,
2020-02-15,Germany,,
2020-02-16,Germany,,
2020-02-17,Germany,,
2020-02-18,Germany,,
2020-02-19,Germany,,
2020-02-20,Germany,,
2020-02-21,Germany,,
2020-02-22,Germany,,
2020-02-23,Germany,,
2020-02-24,Germany,,
2020-02-25,Germany,,
2020-02-26,Germany,,
2020-02-27,Germany,,
2020-02-28,Germany,,
2020-02-29,Germany,,
2020-03-01,Germany,,
2020-03-02,Germany,,
2020-03-03,Germany,,
2020-03-04,Germany,,
2020-03-05,Germany,,
2020-03-06,Germany,,
2020-03-07,Germany,,
2020-03-08,Germany,,
2020-03-09,Germany,,
2020-03-10,Germany,,
2020-03-11,Germany,,
2020-03-12,Germany,,
2020-03-13,Germany,,
2020-03-14,Germany,,
2020-03-15,Germany,,
2020-03-16,Germany,,
2020-03-17,Germany,,
2020-03-14,Ghana,,
2020-03-15,Ghana,,
2020-03-16,Ghana,,
2020-03-17,Ghana,,
2020-03-05,Gibraltar,,
2020-03-06,Gibraltar,,
2020-03-07,Gibraltar,,
2020-03-08,Gibraltar,,
2020-03-09,Gibraltar,,
2020-03-10,Gibraltar,,
2020-03-11,Gibraltar,,
2020-03-12,Gibraltar,,
2020-03-13,Gibraltar,,
2020-03-14,Gibraltar,,
2020-03-15,Gibraltar,,
2020-03-16,Gibraltar,,
2020-03-17,Gibraltar,,
2020-02-27,Greece,,
2020-02-28,Greece,,
2020-02-29,Greece,,
2020-03-01,Greece,,
2020-03-02,Greece,,
2020-03-03,Greece,,
2020-03-04,Greece,,
2020-03-05,Greece,,
2020-03-06,Greece,,
2020-03-07,Greece,,
2020-03-08,Greece,,
2020-03-09,Greece,,
2020-03-10,Greece,,
2020-03-11,Greece,,
2020-03-12,Greece,,
2020-03-13,Greece,,
2020-03-14,Greece,,
2020-03-15,Greece,,
2020-03-16,Greece,,
2020-03-17,Greece,,
2020-03-14,Guadeloupe,,
2020-03-15,Guadeloupe,,
2020-03-16,Guadeloupe,,
2020-03-17,Guadeloupe,,
2020-03-17,Guam,,
2020-03-16,Guatemala,,
2020-03-17,Guatemala,,
2020-03-10,Guernsey,,
2020-03-11,Guernsey,,
2020-03-12,Guernsey,,
2020-03-13,Guernsey,,
2020-03-14,Guernsey,,
2020-03-15,Guernsey,,
2020-03-16,Guernsey,,
2020-03-17,Guernsey,,
2020-03-14,Guinea,,
2020-03-15,Guinea,,
2020-03-16,Guinea,,
2020-03-17,Guinea,,
2020-03-13,Guyana,,
2020-03-14,Guyana,,
2020-03-15,Guyana,,
2020-03-16,Guyana,,
2020-03-17,Guyana,,
2020-03-07,Vatican,,
2020-03-08,Vatican,,
2020-03-09,Vatican,,
2020-03-10,Vatican,,
2020-03-11,Vatican,,
2020-03-12,Vatican,,
2020-03-13,Vatican,,
2020-03-14,Vatican,,
2020-03-15,Vatican,,
2020-03-16,Vatican,,
2020-03-17,Vatican,,
2020-03-12,Honduras,,
2020-03-13,Honduras,,
2020-03-14,Honduras,,
2020-03-15,Honduras,,
2020-03-16,Honduras,,
2020-03-17,Honduras,,
2020-03-05,Hungary,,
2020-03-06,Hungary,,
2020-03-07,Hungary,,
2020-03-08,Hungary,,
2020-03-09,Hungary,,
2020-03-10,Hungary,,
2020-03-11,Hungary,,
2020-03-12,Hungary,,
2020-03-13,Hungary,,
2020-03-14,Hungary,,
2020-03-15,Hungary,,
2020-03-16,Hungary,,
2020-03-17,Hungary,,
2020-03-02,Iceland,,
2020-03-03,Iceland,,
2020-03-04,Iceland,,
2020-03-05,Iceland,,
2020-03-06,Iceland,,
2020-03-07,Iceland,,
2020-03-08,Iceland,,
2020-03-09,Iceland,,
2020-03-10,Iceland,,
2020-03-11,Iceland,,
2020-03-12,Iceland,,
2020-03-13,Iceland,,
2020-03-14,Iceland,,
2020-03-15,Iceland,,
2020-03-16,Iceland,,
2020-03-17,Iceland,,
2020-01-30,India,,
2020-01-31,India,,
2020-02-01,India,,
2020-02-02,India,,
2020-02-03,India,,
2020-02-04,India,,
2020-02-05,India,,
2020-02-06,India,,
2020-02-07,India,,
2020-02-08,India,,
2020-02-09,India,,
2020-02-10,India,,
2020-02-11,India,,
2020-02-12,India,,
2020-02-13,India,,
2020-02-14,India,,
2020-02-15,India,,
2020-02-16,India,,
2020-02-17,India,,
2020-02-18,India,,
2020-02-19,India,,
2020-02-20,India,,
2020-02-21,India,,
2020-02-22,India,,
2020-02-23,India,,
2020-02-24,India,,
2020-02-25,India,,
2020-02-26,India,,
2020-02-27,India,,
2020-02-28,India,,
2020-02-29,India,,
2020-03-01,India,,
2020-03-02,India,,
2020-03-03,India,,
2020-03-04,India,,
2020-03-05,India,,
2020-03-06,India,,
2020-03-07,India,,
2020-03-08,India,,
2020-03-09,India,,
2020-03-10,India,,
2020-03-11,India,,
2020-03-12,India,,
2020-03-13,India,,
2020-03-14,India,,
2020-03-15,India,,
2020-03-16,India,,
2020-03-17,India,,
2020-03-02,Indonesia,,
2020-03-03,Indonesia,,
2020-03-04,Indonesia,,
2020-03-05,Indonesia,,
2020-03-06,Indonesia,,
2020-03-07,Indonesia,,
2020-03-08,Indonesia,,
2020-03-09,Indonesia,,
2020-03-10,Indonesia,,
2020-03-11,Indonesia,,
2020-03-12,Indonesia,,
2020-03-13,Indonesia,,
2020-03-14,Indonesia,,
2020-03-15,Indonesia,,
2020-03-16,Indonesia,,
2020-03-17,Indonesia,,
2020-02-06,International,,
2020-02-07,International,,
2020-02-08,International,,
2020-02-09,International,,
2020-02-10,International,,
2020-02-11,International,,
2020-02-12,International,,
2020-02-13,International,,
2020-02-14,International,,
2020-02-15,International,,
2020-02-16,International,,
2020-02-17,International,,
2020-02-18,International,,
2020-02-19,International,,
2020-02-20,International,,
2020-02-21,International,,
2020-02-22,International,,
2020-02-23,International,,
2020-02-24,International,,
2020-02-25,International,,
2020-02-26,International,,
2020-02-27,International,,
2020-02-28,International,,
2020-02-29,International,,
2020-03-01,International,,
2020-03-02,International,,
2020-03-03,International,,
2020-03-04,International,,
2020-03-05,International,,
2020-03-06,International,,
2020-03-07,International,,
2020-03-08,International,,
2020-03-09,International,,
2020-03-10,International,,
2020-03-11,International,,
2020-03-12,International,,
2020-03-13,International,,
2020-03-14,International,,
2020-03-15,International,,
2020-03-16,International,,
2020-03-17,International,,
2020-02-20,Iran,,
2020-02-21,Iran,,
2020-02-22,Iran,,
2020-02-23,Iran,,
2020-02-24,Iran,,
2020-02-25,Iran,,
2020-02-26,Iran,,
2020-02-27,Iran,,
2020-02-28,Iran,,
2020-02-29,Iran,,
2020-03-01,Iran,,
2020-03-02,Iran,,
2020-03-03,Iran,,
2020-03-04,Iran,,
2020-03-05,Iran,,
2020-03-06,Iran,,
2020-03-07,Iran,,
2020-03-08,Iran,,
2020-03-09,Iran,,
2020-03-10,Iran,,
2020-03-11,Iran,,
2020-03-12,Iran,,
2020-03-13,Iran,,
2020-03-14,Iran,,
2020-03-15,Iran,,
2020-03-16,Iran,,
2020-03-17,Iran,,
2020-02-25,Iraq,,
2020-02-26,Iraq,,
2020-02-27,Iraq,,
2020-02-28,Iraq,,
2020-02-29,Iraq,,
2020-03-01,Iraq,,
2020-03-02,Iraq,,
2020-03-03,Iraq,,
2020-03-04,Iraq,,
2020-03-05,Iraq,,
2020-03-06,Iraq,,
2020-03-07,Iraq,,
2020-03-08,Iraq,,
2020-03-09,Iraq,,
2020-03-10,Iraq,,
2020-03-11,Iraq,,
2020-03-12,Iraq,,
2020-03-13,Iraq,,
2020-03-14,Iraq,,
2020-03-15,Iraq,,
2020-03-16,Iraq,,
2020-03-17,Iraq,,
2020-03-01,Ireland,,
2020-03-02,Ireland,,
2020-03-03,Ireland,,
2020-03-04,Ireland,,
2020-03-05,Ireland,,
2020-03-06,Ireland,,
2020-03-07,Ireland,,
2020-03-08,Ireland,,
2020-03-09,Ireland,,
2020-03-10,Ireland,,
2020-03-11,Ireland,,
2020-03-12,Ireland,,
2020-03-13,Ireland,,
2020-03-14,Ireland,,
2020-03-15,Ireland,,
2020-03-16,Ireland,,
2020-03-17,Ireland,,
2020-02-22,Israel,,
2020-02-23,Israel,,
2020-02-24,Israel,,
2020-02-25,Israel,,
2020-02-26,Israel,,
2020-02-27,Israel,,
2020-02-28,Israel,,
2020-02-29,Israel,,
2020-03-01,Israel,,
2020-03-02,Israel,,
2020-03-03,Israel,,
2020-03-04,Israel,,
2020-03-05,Israel,,
2020-03-06,Israel,,
2020-03-07,Israel,,
2020-03-08,Israel,,
2020-03-09,Israel,,
2020-03-10,Israel,,
2020-03-11,Israel,,
2020-03-12,Israel,,
2020-03-13,Israel,,
2020-03-14,Israel,,
2020-03-15,Israel,,
2020-03-16,Israel,,
2020-03-17,Israel,,
2020-01-31,Italy,,
2020-02-01,Italy,,
2020-02-02,Italy,,
2020-02-03,Italy,,
2020-02-04,Italy,,
2020-02-05,Italy,,
2020-02-06,Italy,,
2020-02-07,Italy,,
2020-02-08,Italy,,
2020-02-09,Italy,,
2020-02-10,Italy,,
2020-02-11,Italy,,
2020-02-12,Italy,,
2020-02-13,Italy,,
2020-02-14,Italy,,
2020-02-15,Italy,,
2020-02-16,Italy,,
2020-02-17,Italy,,
2020-02-18,Italy,,
2020-02-19,Italy,,
2020-02-20,Italy,,
2020-02-21,Italy,,
2020-02-22,Italy,,
2020-02-23,Italy,,
2020-02-24,Italy,,
2020-02-25,Italy,,
2020-02-26,Italy,,
2020-02-27,Italy,,
2020-02-28,Italy,,
2020-02-29,Italy,,
2020-03-01,Italy,,
2020-03-02,Italy,,
2020-03-03,Italy,,
2020-03-04,Italy,,
2020-03-05,Italy,,
2020-03-06,Italy,,
2020-03-07,Italy,,
2020-03-08,Italy,,
2020-03-09,Italy,,
2020-03-10,Italy,,
2020-03-11,Italy,,
2020-03-12,Italy,,
2020-03-13,Italy,,
2020-03-14,Italy,,
2020-03-15,Italy,,
2020-03-16,Italy,,
2020-03-17,Italy,,
2020-03-11,Jamaica,,
2020-03-12,Jamaica,,
2020-03-13,Jamaica,,
2020-03-14,Jamaica,,
2020-03-15,Jamaica,,
2020-03-16,Jamaica,,
2020-03-17,Jamaica,,
2020-01-21,Japan,,
2020-01-22,Japan,,
2020-01-23,Japan,,
2020-01-24,Japan,,
2020-01-25,Japan,,
2020-01-26,Japan,,
2020-01-27,Japan,,
2020-01-28,Japan,,
2020-01-29,Japan,,
2020-01-30,Japan,,
2020-01-31,Japan,,
2020-02-01,Japan,,
2020-02-02,Japan,,
2020-02-03,Japan,,
2020-02-04,Japan,,
2020-02-05,Japan,,
2020-02-06,Japan,,
2020-02-07,Japan,,
2020-02-08,Japan,,
2020-02-09,Japan,,
2020-02-10,Japan,,
2020-02-11,Japan,,
2020-02-12,Japan,,
2020-02-13,Japan,,
2020-02-14,Japan,,
2020-02-15,Japan,,
2020-02-16,Japan,,
2020-02-17,Japan,,
2020-02-18,Japan,,
2020-02-19,Japan,,
2020-02-20,Japan,,
2020-02-21,Japan,,
2020-02-22,Japan,,
2020-02-23,Japan,,
2020-02-24,Japan,,
2020-02-25,Japan,,
2020-02-26,Japan,,
2020-02-27,Japan,,
2020-02-28,Japan,,
2020-02-29,Japan,,
2020-03-01,Japan,,
2020-03-02,Japan,,
2020-03-03,Japan,,
2020-03-04,Japan,,
2020-03-05,Japan,,
2020-03-06,Japan,,
2020-03-07,Japan,,
2020-03-08,Japan,,
2020-03-09,Japan,,
2020-03-10,Japan,,
2020-03-11,Japan,,
2020-03-12,Japan,,
2020-03-13,Japan,,
2020-03-14,Japan,,
2020-03-15,Japan,,
2020-03-16,Japan,,
2020-03-17,Japan,,
2020-03-13,Jersey,,
2020-03-14,Jersey,,
2020-03-15,Jersey,,
2020-03-16,Jersey,,
2020-03-17,Jersey,,
2020-03-03,Jordan,,
2020-03-04,Jordan,,
2020-03-05,Jordan,,
2020-03-06,Jordan,,
2020-03-07,Jordan,,
2020-03-08,Jordan,,
2020-03-09,Jordan,,
2020-03-10,Jordan,,
2020-03-11,Jordan,,
2020-03-12,Jordan,,
2020-03-13,Jordan,,
2020-03-14,Jordan,,
2020-03-15,Jordan,,
2020-03-16,Jordan,,
2020-03-17,Jordan,,
2020-03-15,Kazakhstan,,
2020-03-16,Kazakhstan,,
2020-03-17,Kazakhstan,,
2020-03-14,Kenya,,
2020-03-15,Kenya,,
2020-03-16,Kenya,,
2020-03-17,Kenya,,
2020-02-24,Kuwait,,
2020-02-25,Kuwait,,
2020-02-26,Kuwait,,
2020-02-27,Kuwait,,
2020-02-28,Kuwait,,
2020-02-29,Kuwait,,
2020-03-01,Kuwait,,
2020-03-02,Kuwait,,
2020-03-03,Kuwait,,
2020-03-04,Kuwait,,
2020-03-05,Kuwait,,
2020-03-06,Kuwait,,
2020-03-07,Kuwait,,
2020-03-08,Kuwait,,
2020-03-09,Kuwait,,
2020-03-10,Kuwait,,
2020-03-11,Kuwait,,
2020-03-12,Kuwait,,
2020-03-13,Kuwait,,
2020-03-14,Kuwait,,
2020-03-15,Kuwait,,
2020-03-16,Kuwait,,
2020-03-17,Kuwait,,
2020-03-03,Latvia,,
2020-03-04,Latvia,,
2020-03-05,Latvia,,
2020-03-06,Latvia,,
2020-03-07,Latvia,,
2020-03-08,Latvia,,
2020-03-09,Latvia,,
2020-03-10,Latvia,,
2020-03-11,Latvia,,
2020-03-12,Latvia,,
2020-03-13,Latvia,,
2020-03-14,Latvia,,
2020-03-15,Latvia,,
2020-03-16,Latvia,,
2020-03-17,Latvia,,
2020-02-22,Lebanon,,
2020-02-23,Lebanon,,
2020-02-24,Lebanon,,
2020-02-25,Lebanon,,
2020-02-26,Lebanon,,
2020-02-27,Lebanon,,
2020-02-28,Lebanon,,
2020-02-29,Lebanon,,
2020-03-01,Lebanon,,
2020-03-02,Lebanon,,
2020-03-03,Lebanon,,
2020-03-04,Lebanon,,
2020-03-05,Lebanon,,
2020-03-06,Lebanon,,
2020-03-07,Lebanon,,
2020-03-08,Lebanon,,
2020-03-09,Lebanon,,
2020-03-10,Lebanon,,
2020-03-11,Lebanon,,
2020-03-12,Lebanon,,
2020-03-13,Lebanon,,
2020-03-14,Lebanon,,
2020-03-15,Lebanon,,
2020-03-16,Lebanon,,
2020-03-17,Lebanon,,
2020-03-17,Liberia,,
2020-03-05,Liechtenstein,,
2020-03-06,Liechtenstein,,
2020-03-07,Liechtenstein,,
2020-03-08,Liechtenstein,,
2020-03-09,Liechtenstein,,
2020-03-10,Liechtenstein,,
2020-03-11,Liechtenstein,,
2020-03-12,Liechtenstein,,
2020-03-13,Liechtenstein,,
2020-03-14,Liechtenstein,,
2020-03-15,Liechtenstein,,
2020-03-16,Liechtenstein,,
2020-03-17,Liechtenstein,,
2020-02-28,Lithuania,,
2020-02-29,Lithuania,,
2020-03-01,Lithuania,,
2020-03-02,Lithuania,,
2020-03-03,Lithuania,,
2020-03-04,Lithuania,,
2020-03-05,Lithuania,,
2020-03-06,Lithuania,,
2020-03-07,Lithuania,,
2020-03-08,Lithuania,,
2020-03-09,Lithuania,,
2020-03-10,Lithuania,,
2020-03-11,Lithuania,,
2020-03-12,Lithuania,,
2020-03-13,Lithuania,,
2020-03-14,Lithuania,,
2020-03-15,Lithuania,,
2020-03-16,Lithuania,,
2020-03-17,Lithuania,,
2020-03-02,Luxembourg,,
2020-03-03,Luxembourg,,
2020-03-04,Luxembourg,,
2020-03-05,Luxembourg,,
2020-03-06,Luxembourg,,
2020-03-07,Luxembourg,,
2020-03-08,Luxembourg,,
2020-03-09,Luxembourg,,
2020-03-10,Luxembourg,,
2020-03-11,Luxembourg,,
2020-03-12,Luxembourg,,
2020-03-13,Luxembourg,,
2020-03-14,Luxembourg,,
2020-03-15,Luxembourg,,
2020-03-16,Luxembourg,,
2020-03-17,Luxembourg,,
2020-01-26,Malaysia,,
2020-01-27,Malaysia,,
2020-01-28,Malaysia,,
2020-01-29,Malaysia,,
2020-01-30,Malaysia,,
2020-01-31,Malaysia,,
2020-02-01,Malaysia,,
2020-02-02,Malaysia,,
2020-02-03,Malaysia,,
2020-02-04,Malaysia,,
2020-02-05,Malaysia,,
2020-02-06,Malaysia,,
2020-02-07,Malaysia,,
2020-02-08,Malaysia,,
2020-02-09,Malaysia,,
2020-02-10,Malaysia,,
2020-02-11,Malaysia,,
2020-02-12,Malaysia,,
2020-02-13,Malaysia,,
2020-02-14,Malaysia,,
2020-02-15,Malaysia,,
2020-02-16,Malaysia,,
2020-02-17,Malaysia,,
2020-02-18,Malaysia,,
2020-02-19,Malaysia,,
2020-02-20,Malaysia,,
2020-02-21,Malaysia,,
2020-02-22,Malaysia,,
2020-02-23,Malaysia,,
2020-02-24,Malaysia,,
2020-02-25,Malaysia,,
2020-02-26,Malaysia,,
2020-02-27,Malaysia,,
2020-02-28,Malaysia,,
2020-02-29,Malaysia,,
2020-03-01,Malaysia,,
2020-03-02,Malaysia,,
2020-03-03,Malaysia,,
2020-03-04,Malaysia,,
2020-03-05,Malaysia,,
2020-03-06,Malaysia,,
2020-03-07,Malaysia,,
2020-03-08,Malaysia,,
2020-03-09,Malaysia,,
2020-03-10,Malaysia,,
2020-03-11,Malaysia,,
2020-03-12,Malaysia,,
2020-03-13,Malaysia,,
2020-03-14,Malaysia,,
2020-03-15,Malaysia,,
2020-03-16,Malaysia,,
2020-03-17,Malaysia,,
2020-03-08,Maldives,,
2020-03-09,Maldives,,
2020-03-10,Maldives,,
2020-03-11,Maldives,,
2020-03-12,Maldives,,
2020-03-13,Maldives,,
2020-03-14,Maldives,,
2020-03-15,Maldives,,
2020-03-16,Maldives,,
2020-03-17,Maldives,,
2020-03-08,Malta,,
2020-03-09,Malta,,
2020-03-10,Malta,,
2020-03-11,Malta,,
2020-03-12,Malta,,
2020-03-13,Malta,,
2020-03-14,Malta,,
2020-03-15,Malta,,
2020-03-16,Malta,,
2020-03-17,Malta,,
2020-03-08,Martinique,,
2020-03-09,Martinique,,
2020-03-10,Martinique,,
2020-03-11,Martinique,,
2020-03-12,Martinique,,
2020-03-13,Martinique,,
2020-03-14,Martinique,,
2020-03-15,Martinique,,
2020-03-16,Martinique,,
2020-03-17,Martinique,,
2020-03-15,Mauritania,,
2020-03-16,Mauritania,,
2020-03-17,Mauritania,,
2020-03-15,Mayotte,,
2020-03-16,Mayotte,,
2020-03-17,Mayotte,,
2020-02-29,Mexico,,
2020-03-01,Mexico,,
2020-03-02,Mexico,,
2020-03-03,Mexico,,
2020-03-04,Mexico,,
2020-03-05,Mexico,,
2020-03-06,Mexico,,
2020-03-07,Mexico,,
2020-03-08,Mexico,,
2020-03-09,Mexico,,
2020-03-10,Mexico,,
2020-03-11,Mexico,,
2020-03-12,Mexico,,
2020-03-13,Mexico,,
2020-03-14,Mexico,,
2020-03-15,Mexico,,
2020-03-16,Mexico,,
2020-03-17,Mexico,,
2020-03-01,Monaco,,
2020-03-02,Monaco,,
2020-03-03,Monaco,,
2020-03-04,Monaco,,
2020-03-05,Monaco,,
2020-03-06,Monaco,,
2020-03-07,Monaco,,
2020-03-08,Monaco,,
2020-03-09,Monaco,,
2020-03-10,Monaco,,
2020-03-11,Monaco,,
2020-03-12,Monaco,,
2020-03-13,Monaco,,
2020-03-14,Monaco,,
2020-03-15,Monaco,,
2020-03-16,Monaco,,
2020-03-17,Monaco,,
2020-03-10,Mongolia,,
2020-03-11,Mongolia,,
2020-03-12,Mongolia,,
2020-03-13,Mongolia,,
2020-03-14,Mongolia,,
2020-03-15,Mongolia,,
2020-03-16,Mongolia,,
2020-03-17,Mongolia,,
2020-03-03,Morocco,,
2020-03-04,Morocco,,
2020-03-05,Morocco,,
2020-03-06,Morocco,,
2020-03-07,Morocco,,
2020-03-08,Morocco,,
2020-03-09,Morocco,,
2020-03-10,Morocco,,
2020-03-11,Morocco,,
2020-03-12,Morocco,,
2020-03-13,Morocco,,
2020-03-14,Morocco,,
2020-03-15,Morocco,,
2020-03-16,Morocco,,
2020-03-17,Morocco,,
2020-03-15,Namibia,,
2020-03-16,Namibia,,
2020-03-17,Namibia,,
2020-01-25,Nepal,,
2020-01-26,Nepal,,
2020-01-27,Nepal,,
2020-01-28,Nepal,,
2020-01-29,Nepal,,
2020-01-30,Nepal,,
2020-01-31,Nepal,,
2020-02-01,Nepal,,
2020-02-02,Nepal,,
2020-02-03,Nepal,,
2020-02-04,Nepal,,
2020-02-05,Nepal,,
2020-02-06,Nepal,,
2020-02-07,Nepal,,
2020-02-08,Nepal,,
2020-02-09,Nepal,,
2020-02-10,Nepal,,
2020-02-11,Nepal,,
2020-02-12,Nepal,,
2020-02-13,Nepal,,
2020-02-14,Nepal,,
2020-02-15,Nepal,,
2020-02-16,Nepal,,
2020-02-17,Nepal,,
2020-02-18,Nepal,,
2020-02-19,Nepal,,
2020-02-20,Nepal,,
2020-02-21,Nepal,,
2020-02-22,Nepal,,
2020-02-23,Nepal,,
2020-02-24,Nepal,,
2020-02-25,Nepal,,
2020-02-26,Nepal,,
2020-02-27,Nepal,,
2020-02-28,Nepal,,
2020-02-29,Nepal,,
2020-03-01,Nepal,,
2020-03-02,Nepal,,
2020-03-03,Nepal,,
2020-03-04,Nepal,,
2020-03-05,Nepal,,
2020-03-06,Nepal,,
2020-03-07,Nepal,,
2020-03-08,Nepal,,
2020-03-09,Nepal,,
2020-03-10,Nepal,,
2020-03-11,Nepal,,
2020-03-12,Nepal,,
2020-03-13,Nepal,,
2020-03-14,Nepal,,
2020-03-15,Nepal,,
2020-03-16,Nepal,,
2020-03-17,Nepal,,
2020-02-28,Netherlands,,
2020-02-29,Netherlands,,
2020-03-01,Netherlands,,
2020-03-02,Netherlands,,
2020-03-03,Netherlands,,
2020-03-04,Netherlands,,
2020-03-05,Netherlands,,
2020-03-06,Netherlands,,
2020-03-07,Netherlands,,
2020-03-08,Netherlands,,
2020-03-09,Netherlands,,
2020-03-10,Netherlands,,
2020-03-11,Netherlands,,
2020-03-12,Netherlands,,
2020-03-13,Netherlands,,
2020-03-14,Netherlands,,
2020-03-15,Netherlands,,
2020-03-16,Netherlands,,
2020-03-17,Netherlands,,
2020-02-28,New Zealand,,
2020-02-29,New Zealand,,
2020-03-01,New Zealand,,
2020-03-02,New Zealand,,
2020-03-03,New Zealand,,
2020-03-04,New Zealand,,
2020-03-05,New Zealand,,
2020-03-06,New Zealand,,
2020-03-07,New Zealand,,
2020-03-08,New Zealand,,
2020-03-09,New Zealand,,
2020-03-10,New Zealand,,
2020-03-11,New Zealand,,
2020-03-12,New Zealand,,
2020-03-13,New Zealand,,
2020-03-14,New Zealand,,
2020-03-15,New Zealand,,
2020-03-16,New Zealand,,
2020-03-17,New Zealand,,
2020-02-28,Nigeria,,
2020-02-29,Nigeria,,
2020-03-01,Nigeria,,
2020-03-02,Nigeria,,
2020-03-03,Nigeria,,
2020-03-04,Nigeria,,
2020-03-05,Nigeria,,
2020-03-06,Nigeria,,
2020-03-07,Nigeria,,
2020-03-08,Nigeria,,
2020-03-09,Nigeria,,
2020-03-10,Nigeria,,
2020-03-11,Nigeria,,
2020-03-12,Nigeria,,
2020-03-13,Nigeria,,
2020-03-14,Nigeria,,
2020-03-15,Nigeria,,
2020-03-16,Nigeria,,
2020-03-17,Nigeria,,
2020-02-27,Macedonia,,
2020-02-28,Macedonia,,
2020-02-29,Macedonia,,
2020-03-01,Macedonia,,
2020-03-02,Macedonia,,
2020-03-03,Macedonia,,
2020-03-04,Macedonia,,
2020-03-05,Macedonia,,
2020-03-06,Macedonia,,
2020-03-07,Macedonia,,
2020-03-08,Macedonia,,
2020-03-09,Macedonia,,
2020-03-10,Macedonia,,
2020-03-11,Macedonia,,
2020-03-12,Macedonia,,
2020-03-13,Macedonia,,
2020-03-14,Macedonia,,
2020-03-15,Macedonia,,
2020-03-16,Macedonia,,
2020-03-17,Macedonia,,
2020-02-27,Norway,,
2020-02-28,Norway,,
2020-02-29,Norway,,
2020-03-01,Norway,,
2020-03-02,Norway,,
2020-03-03,Norway,,
2020-03-04,Norway,,
2020-03-05,Norway,,
2020-03-06,Norway,,
2020-03-07,Norway,,
2020-03-08,Norway,,
2020-03-09,Norway,,
2020-03-10,Norway,,
2020-03-11,Norway,,
2020-03-12,Norway,,
2020-03-13,Norway,,
2020-03-14,Norway,,
2020-03-15,Norway,,
2020-03-16,Norway,,
2020-03-17,Norway,,
2020-03-05,Palestine,,
2020-03-06,Palestine,,
2020-03-07,Palestine,,
2020-03-08,Palestine,,
2020-03-09,Palestine,,
2020-03-10,Palestine,,
2020-03-11,Palestine,,
2020-03-12,Palestine,,
2020-03-13,Palestine,,
2020-03-14,Palestine,,
2020-03-15,Palestine,,
2020-03-16,Palestine,,
2020-03-17,Palestine,,
2020-02-25,Oman,,
2020-02-26,Oman,,
2020-02-27,Oman,,
2020-02-28,Oman,,
2020-02-29,Oman,,
2020-03-01,Oman,,
2020-03-02,Oman,,
2020-03-03,Oman,,
2020-03-04,Oman,,
2020-03-05,Oman,,
2020-03-06,Oman,,
2020-03-07,Oman,,
2020-03-08,Oman,,
2020-03-09,Oman,,
2020-03-10,Oman,,
2020-03-11,Oman,,
2020-03-12,Oman,,
2020-03-13,Oman,,
2020-03-14,Oman,,
2020-03-15,Oman,,
2020-03-16,Oman,,
2020-03-17,Oman,,
2020-02-27,Pakistan,,
2020-02-28,Pakistan,,
2020-02-29,Pakistan,,
2020-03-01,Pakistan,,
2020-03-02,Pakistan,,
2020-03-03,Pakistan,,
2020-03-04,Pakistan,,
2020-03-05,Pakistan,,
2020-03-06,Pakistan,,
2020-03-07,Pakistan,,
2020-03-08,Pakistan,,
2020-03-09,Pakistan,,
2020-03-10,Pakistan,,
2020-03-11,Pakistan,,
2020-03-12,Pakistan,,
2020-03-13,Pakistan,,
2020-03-14,Pakistan,,
2020-03-15,Pakistan,,
2020-03-16,Pakistan,,
2020-03-17,Pakistan,,
2020-03-10,Panama,,
2020-03-11,Panama,,
2020-03-12,Panama,,
2020-03-13,Panama,,
2020-03-14,Panama,,
2020-03-15,Panama,,
2020-03-16,Panama,,
2020-03-17,Panama,,
2020-03-09,Paraguay,,
2020-03-10,Paraguay,,
2020-03-11,Paraguay,,
2020-03-12,Paraguay,,
2020-03-13,Paraguay,,
2020-03-14,Paraguay,,
2020-03-15,Paraguay,,
2020-03-16,Paraguay,,
2020-03-17,Paraguay,,
2020-03-07,Peru,,
2020-03-08,Peru,,
2020-03-09,Peru,,
2020-03-10,Peru,,
2020-03-11,Peru,,
2020-03-12,Peru,,
2020-03-13,Peru,,
2020-03-14,Peru,,
2020-03-15,Peru,,
2020-03-16,Peru,,
2020-03-17,Peru,,
2020-01-30,Philippines,,
2020-01-31,Philippines,,
2020-02-01,Philippines,,
2020-02-02,Philippines,,
2020-02-03,Philippines,,
2020-02-04,Philippines,,
2020-02-05,Philippines,,
2020-02-06,Philippines,,
2020-02-07,Philippines,,
2020-02-08,Philippines,,
2020-02-09,Philippines,,
2020-02-10,Philippines,,
2020-02-11,Philippines,,
2020-02-12,Philippines,,
2020-02-13,Philippines,,
2020-02-14,Philippines,,
2020-02-15,Philippines,,
2020-02-16,Philippines,,
2020-02-17,Philippines,,
2020-02-18,Philippines,,
2020-02-19,Philippines,,
2020-02-20,Philippines,,
2020-02-21,Philippines,,
2020-02-22,Philippines,,
2020-02-23,Philippines,,
2020-02-24,Philippines,,
2020-02-25,Philippines,,
2020-02-26,Philippines,,
2020-02-27,Philippines,,
2020-02-28,Philippines,,
2020-02-29,Philippines,,
2020-03-01,Philippines,,
2020-03-02,Philippines,,
2020-03-03,Philippines,,
2020-03-04,Philippines,,
2020-03-05,Philippines,,
2020-03-06,Philippines,,
2020-03-07,Philippines,,
2020-03-08,Philippines,,
2020-03-09,Philippines,,
2020-03-10,Philippines,,
2020-03-11,Philippines,,
2020-03-12,Philippines,,
2020-03-13,Philippines,,
2020-03-14,Philippines,,
2020-03-15,Philippines,,
2020-03-16,Philippines,,
2020-03-17,Philippines,,
2020-03-04,Poland,,
2020-03-05,Poland,,
2020-03-06,Poland,,
2020-03-07,Poland,,
2020-03-08,Poland,,
2020-03-09,Poland,,
2020-03-10,Poland,,
2020-03-11,Poland,,
2020-03-12,Poland,,
2020-03-13,Poland,,
2020-03-14,Poland,,
2020-03-15,Poland,,
2020-03-16,Poland,,
2020-03-17,Poland,,
2020-03-03,Portugal,,
2020-03-04,Portugal,,
2020-03-05,Portugal,,
2020-03-06,Portugal,,
2020-03-07,Portugal,,
2020-03-08,Portugal,,
2020-03-09,Portugal,,
2020-03-10,Portugal,,
2020-03-11,Portugal,,
2020-03-12,Portugal,,
2020-03-13,Portugal,,
2020-03-14,Portugal,,
2020-03-15,Portugal,,
2020-03-16,Portugal,,
2020-03-17,Portugal,,
2020-03-14,Puerto Rico,,
2020-03-15,Puerto Rico,,
2020-03-16,Puerto Rico,,
2020-03-17,Puerto Rico,,
2020-03-01,Qatar,,
2020-03-02,Qatar,,
2020-03-03,Qatar,,
2020-03-04,Qatar,,
2020-03-05,Qatar,,
2020-03-06,Qatar,,
2020-03-07,Qatar,,
2020-03-08,Qatar,,
2020-03-09,Qatar,,
2020-03-10,Qatar,,
2020-03-11,Qatar,,
2020-03-12,Qatar,,
2020-03-13,Qatar,,
2020-03-14,Qatar,,
2020-03-15,Qatar,,
2020-03-16,Qatar,,
2020-03-17,Qatar,,
2020-01-21,South Korea,,
2020-01-22,South Korea,,
2020-01-23,South Korea,,
2020-01-24,South Korea,,
2020-01-25,South Korea,,
2020-01-26,South Korea,,
2020-01-27,South Korea,,
2020-01-28,South Korea,,
2020-01-29,South Korea,,
2020-01-30,South Korea,,
2020-01-31,South Korea,,
2020-02-01,South Korea,,
2020-02-02,South Korea,,
2020-02-03,South Korea,,
2020-02-04,South Korea,,
2020-02-05,South Korea,,
2020-02-06,South Korea,,
2020-02-07,South Korea,,
2020-02-08,South Korea,,
2020-02-09,South Korea,,
2020-02-10,South Korea,,
2020-02-11,South Korea,,
2020-02-12,South Korea,,
2020-02-13,South Korea,,
2020-02-14,South Korea,,
2020-02-15,South Korea,,
2020-02-16,South Korea,,
2020-02-17,South Korea,,
2020-02-18,South Korea,,
2020-02-19,South Korea,,
2020-02-20,South Korea,,
2020-02-21,South Korea,,
2020-02-22,South Korea,,
2020-02-23,South Korea,,
2020-02-24,South Korea,,
2020-02-25,South Korea,,
2020-02-26,South Korea,,
2020-02-27,South Korea,,
2020-02-28,South Korea,,
2020-02-29,South Korea,,
2020-03-01,South Korea,,
2020-03-02,South Korea,,
2020-03-03,South Korea,,
2020-03-04,South Korea,,
2020-03-05,South Korea,,
2020-03-06,South Korea,,
2020-03-07,South Korea,,
2020-03-08,South Korea,,
2020-03-09,South Korea,,
2020-03-10,South Korea,,
2020-03-11,South Korea,,
2020-03-12,South Korea,,
2020-03-13,South Korea,,
2020-03-14,South Korea,,
2020-03-15,South Korea,,
2020-03-16,South Korea,,
2020-03-17,South Korea,,
2020-03-08,Moldova,,
2020-03-09,Moldova,,
2020-03-10,Moldova,,
2020-03-11,Moldova,,
2020-03-12,Moldova,,
2020-03-13,Moldova,,
2020-03-14,Moldova,,
2020-03-15,Moldova,,
2020-03-16,Moldova,,
2020-03-17,Moldova,,
2020-02-27,Romania,,
2020-02-28,Romania,,
2020-02-29,Romania,,
2020-03-01,Romania,,
2020-03-02,Romania,,
2020-03-03,Romania,,
2020-03-04,Romania,,
2020-03-05,Romania,,
2020-03-06,Romania,,
2020-03-07,Romania,,
2020-03-08,Romania,,
2020-03-09,Romania,,
2020-03-10,Romania,,
2020-03-11,Romania,,
2020-03-12,Romania,,
2020-03-13,Romania,,
2020-03-14,Romania,,
2020-03-15,Romania,,
2020-03-16,Romania,,
2020-03-17,Romania,,
2020-02-01,Russia,,
2020-02-02,Russia,,
2020-02-03,Russia,,
2020-02-04,Russia,,
2020-02-05,Russia,,
2020-02-06,Russia,,
2020-02-07,Russia,,
2020-02-08,Russia,,
2020-02-09,Russia,,
2020-02-10,Russia,,
2020-02-11,Russia,,
2020-02-12,Russia,,
2020-02-13,Russia,,
2020-02-14,Russia,,
2020-02-15,Russia,,
2020-02-16,Russia,,
2020-02-17,Russia,,
2020-02-18,Russia,,
2020-02-19,Russia,,
2020-02-20,Russia,,
2020-02-21,Russia,,
2020-02-22,Russia,,
2020-02-23,Russia,,
2020-02-24,Russia,,
2020-02-25,Russia,,
2020-02-26,Russia,,
2020-02-27,Russia,,
2020-02-28,Russia,,
2020-02-29,Russia,,
2020-03-01,Russia,,
2020-03-02,Russia,,
2020-03-03,Russia,,
2020-03-04,Russia,,
2020-03-05,Russia,,
2020-03-06,Russia,,
2020-03-07,Russia,,
2020-03-08,Russia,,
2020-03-09,Russia,,
2020-03-10,Russia,,
2020-03-11,Russia,,
2020-03-12,Russia,,
2020-03-13,Russia,,
2020-03-14,Russia,,
2020-03-15,Russia,,
2020-03-16,Russia,,
2020-03-17,Russia,,
2020-03-16,Rwanda,,
2020-03-17,Rwanda,,
2020-03-13,Reunion,,
2020-03-14,Reunion,,
2020-03-15,Reunion,,
2020-03-16,Reunion,,
2020-03-17,Reunion,,
2020-03-05,Saint Barthlemy,,
2020-03-06,Saint Barthlemy,,
2020-03-07,Saint Barthlemy,,
2020-03-08,Saint Barthlemy,,
2020-03-09,Saint Barthlemy,,
2020-03-10,Saint Barthlemy,,
2020-03-11,Saint Barthlemy,,
2020-03-12,Saint Barthlemy,,
2020-03-13,Saint Barthlemy,,
2020-03-14,Saint Barthlemy,,
2020-03-15,Saint Barthlemy,,
2020-03-16,Saint Barthlemy,,
2020-03-17,Saint Barthlemy,,
2020-03-16,Saint Lucia,,
2020-03-17,Saint Lucia,,
2020-03-05,Saint Martin (French part),,
2020-03-06,Saint Martin (French part),,
2020-03-07,Saint Martin (French part),,
2020-03-08,Saint Martin (French part),,
2020-03-09,Saint Martin (French part),,
2020-03-10,Saint Martin (French part),,
2020-03-11,Saint Martin (French part),,
2020-03-12,Saint Martin (French part),,
2020-03-13,Saint Martin (French part),,
2020-03-14,Saint Martin (French part),,
2020-03-15,Saint Martin (French part),,
2020-03-16,Saint Martin (French part),,
2020-03-17,Saint Martin (French part),,
2020-03-13,Saint Vincent and the Grenadines,,
2020-03-14,Saint Vincent and the Grenadines,,
2020-03-15,Saint Vincent and the Grenadines,,
2020-03-16,Saint Vincent and the Grenadines,,
2020-03-17,Saint Vincent and the Grenadines,,
2020-02-29,San Marino,,
2020-03-01,San Marino,,
2020-03-02,San Marino,,
2020-03-03,San Marino,,
2020-03-04,San Marino,,
2020-03-05,San Marino,,
2020-03-06,San Marino,,
2020-03-07,San Marino,,
2020-03-08,San Marino,,
2020-03-09,San Marino,,
2020-03-10,San Marino,,
2020-03-11,San Marino,,
2020-03-12,San Marino,,
2020-03-13,San Marino,,
2020-03-14,San Marino,,
2020-03-15,San Marino,,
2020-03-16,San Marino,,
2020-03-17,San Marino,,
2020-03-03,Saudi Arabia,,
2020-03-04,Saudi Arabia,,
2020-03-05,Saudi Arabia,,
2020-03-06,Saudi Arabia,,
2020-03-07,Saudi Arabia,,
2020-03-08,Saudi Arabia,,
2020-03-09,Saudi Arabia,,
2020-03-10,Saudi Arabia,,
2020-03-11,Saudi Arabia,,
2020-03-12,Saudi Arabia,,
2020-03-13,Saudi Arabia,,
2020-03-14,Saudi Arabia,,
2020-03-15,Saudi Arabia,,
2020-03-16,Saudi Arabia,,
2020-03-17,Saudi Arabia,,
2020-03-03,Senegal,,
2020-03-04,Senegal,,
2020-03-05,Senegal,,
2020-03-06,Senegal,,
2020-03-07,Senegal,,
2020-03-08,Senegal,,
2020-03-09,Senegal,,
2020-03-10,Senegal,,
2020-03-11,Senegal,,
2020-03-12,Senegal,,
2020-03-13,Senegal,,
2020-03-14,Senegal,,
2020-03-15,Senegal,,
2020-03-16,Senegal,,
2020-03-17,Senegal,,
2020-03-06,Serbia,,
2020-03-07,Serbia,,
2020-03-08,Serbia,,
2020-03-09,Serbia,,
2020-03-10,Serbia,,
2020-03-11,Serbia,,
2020-03-12,Serbia,,
2020-03-13,Serbia,,
2020-03-14,Serbia,,
2020-03-15,Serbia,,
2020-03-16,Serbia,,
2020-03-17,Serbia,,
2020-03-16,Seychelles,,
2020-03-17,Seychelles,,
2020-01-24,Singapore,,
2020-01-25,Singapore,,
2020-01-26,Singapore,,
2020-01-27,Singapore,,
2020-01-28,Singapore,,
2020-01-29,Singapore,,
2020-01-30,Singapore,,
2020-01-31,Singapore,,
2020-02-01,Singapore,,
2020-02-02,Singapore,,
2020-02-03,Singapore,,
2020-02-04,Singapore,,
2020-02-05,Singapore,,
2020-02-06,Singapore,,
2020-02-07,Singapore,,
2020-02-08,Singapore,,
2020-02-09,Singapore,,
2020-02-10,Singapore,,
2020-02-11,Singapore,,
2020-02-12,Singapore,,
2020-02-13,Singapore,,
2020-02-14,Singapore,,
2020-02-15,Singapore,,
2020-02-16,Singapore,,
2020-02-17,Singapore,,
2020-02-18,Singapore,,
2020-02-19,Singapore,,
2020-02-20,Singapore,,
2020-02-21,Singapore,,
2020-02-22,Singapore,,
2020-02-23,Singapore,,
2020-02-24,Singapore,,
2020-02-25,Singapore,,
2020-02-26,Singapore,,
2020-02-27,Singapore,,
2020-02-28,Singapore,,
2020-02-29,Singapore,,
2020-03-01,Singapore,,
2020-03-02,Singapore,,
2020-03-03,Singapore,,
2020-03-04,Singapore,,
2020-03-05,Singapore,,
2020-03-06,Singapore,,
2020-03-07,Singapore,,
2020-03-08,Singapore,,
2020-03-09,Singapore,,
2020-03-10,Singapore,,
2020-03-11,Singapore,,
2020-03-12,Singapore,,
2020-03-13,Singapore,,
2020-03-14,Singapore,,
2020-03-15,Singapore,,
2020-03-16,Singapore,,
2020-03-17,Singapore,,
2020-03-07,Slovakia,,
2020-03-08,Slovakia,,
2020-03-09,Slovakia,,
2020-03-10,Slovakia,,
2020-03-11,Slovakia,,
2020-03-12,Slovakia,,
2020-03-13,Slovakia,,
2020-03-14,Slovakia,,
2020-03-15,Slovakia,,
2020-03-16,Slovakia,,
2020-03-17,Slovakia,,
2020-03-05,Slovenia,,
2020-03-06,Slovenia,,
2020-03-07,Slovenia,,
2020-03-08,Slovenia,,
2020-03-09,Slovenia,,
2020-03-10,Slovenia,,
2020-03-11,Slovenia,,
2020-03-12,Slovenia,,
2020-03-13,Slovenia,,
2020-03-14,Slovenia,,
2020-03-15,Slovenia,,
2020-03-16,Slovenia,,
2020-03-17,Slovenia,,
2020-03-17,Somalia,,
2020-03-06,South Africa,,
2020-03-07,South Africa,,
2020-03-08,South Africa,,
2020-03-09,South Africa,,
2020-03-10,South Africa,,
2020-03-11,South Africa,,
2020-03-12,South Africa,,
2020-03-13,South Africa,,
2020-03-14,South Africa,,
2020-03-15,South Africa,,
2020-03-16,South Africa,,
2020-03-17,South Africa,,
2020-02-01,Spain,,
2020-02-02,Spain,,
2020-02-03,Spain,,
2020-02-04,Spain,,
2020-02-05,Spain,,
2020-02-06,Spain,,
2020-02-07,Spain,,
2020-02-08,Spain,,
2020-02-09,Spain,,
2020-02-10,Spain,,
2020-02-11,Spain,,
2020-02-12,Spain,,
2020-02-13,Spain,,
2020-02-14,Spain,,
2020-02-15,Spain,,
2020-02-16,Spain,,
2020-02-17,Spain,,
2020-02-18,Spain,,
2020-02-19,Spain,,
2020-02-20,Spain,,
2020-02-21,Spain,,
2020-02-22,Spain,,
2020-02-23,Spain,,
2020-02-24,Spain,,
2020-02-25,Spain,,
2020-02-26,Spain,,
2020-02-27,Spain,,
2020-02-28,Spain,,
2020-02-29,Spain,,
2020-03-01,Spain,,
2020-03-02,Spain,,
2020-03-03,Spain,,
2020-03-04,Spain,,
2020-03-05,Spain,,
2020-03-06,Spain,,
2020-03-07,Spain,,
2020-03-08,Spain,,
2020-03-09,Spain,,
2020-03-10,Spain,,
2020-03-11,Spain,,
2020-03-12,Spain,,
2020-03-13,Spain,,
2020-03-14,Spain,,
2020-03-15,Spain,,
2020-03-16,Spain,,
2020-03-17,Spain,,
2020-01-28,Sri Lanka,,
2020-01-29,Sri Lanka,,
2020-01-30,Sri Lanka,,
2020-01-31,Sri Lanka,,
2020-02-01,Sri Lanka,,
2020-02-02,Sri Lanka,,
2020-02-03,Sri Lanka,,
2020-02-04,Sri Lanka,,
2020-02-05,Sri Lanka,,
2020-02-06,Sri Lanka,,
2020-02-07,Sri Lanka,,
2020-02-08,Sri Lanka,,
2020-02-09,Sri Lanka,,
2020-02-10,Sri Lanka,,
2020-02-11,Sri Lanka,,
2020-02-12,Sri Lanka,,
2020-02-13,Sri Lanka,,
2020-02-14,Sri Lanka,,
2020-02-15,Sri Lanka,,
2020-02-16,Sri Lanka,,
2020-02-17,Sri Lanka,,
2020-02-18,Sri Lanka,,
2020-02-19,Sri Lanka,,
2020-02-20,Sri Lanka,,
2020-02-21,Sri Lanka,,
2020-02-22,Sri Lanka,,
2020-02-23,Sri Lanka,,
2020-02-24,Sri Lanka,,
2020-02-25,Sri Lanka,,
2020-02-26,Sri Lanka,,
2020-02-27,Sri Lanka,,
2020-02-28,Sri Lanka,,
2020-02-29,Sri Lanka,,
2020-03-01,Sri Lanka,,
2020-03-02,Sri Lanka,,
2020-03-03,Sri Lanka,,
2020-03-04,Sri Lanka,,
2020-03-05,Sri Lanka,,
2020-03-06,Sri Lanka,,
2020-03-07,Sri Lanka,,
2020-03-08,Sri Lanka,,
2020-03-09,Sri Lanka,,
2020-03-10,Sri Lanka,,
2020-03-11,Sri Lanka,,
2020-03-12,Sri Lanka,,
2020-03-13,Sri Lanka,,
2020-03-14,Sri Lanka,,
2020-03-15,Sri Lanka,,
2020-03-16,Sri Lanka,,
2020-03-17,Sri Lanka,,
2020-03-14,Sudan,,
2020-03-15,Sudan,,
2020-03-16,Sudan,,
2020-03-17,Sudan,,
2020-03-16,Suriname,,
2020-03-17,Suriname,,
2020-02-01,Sweden,,
2020-02-02,Sweden,,
2020-02-03,Sweden,,
2020-02-04,Sweden,,
2020-02-05,Sweden,,
2020-02-06,Sweden,,
2020-02-07,Sweden,,
2020-02-08,Sweden,,
2020-02-09,Sweden,,
2020-02-10,Sweden,,
2020-02-11,Sweden,,
2020-02-12,Sweden,,
2020-02-13,Sweden,,
2020-02-14,Sweden,,
2020-02-15,Sweden,,
2020-02-16,Sweden,,
2020-02-17,Sweden,,
2020-02-18,Sweden,,
2020-02-19,Sweden,,
2020-02-20,Sweden,,
2020-02-21,Sweden,,
2020-02-22,Sweden,,
2020-02-23,Sweden,,
2020-02-24,Sweden,,
2020-02-25,Sweden,,
2020-02-26,Sweden,,
2020-02-27,Sweden,,
2020-02-28,Sweden,,
2020-02-29,Sweden,,
2020-03-01,Sweden,,
2020-03-02,Sweden,,
2020-03-03,Sweden,,
2020-03-04,Sweden,,
2020-03-05,Sweden,,
2020-03-06,Sweden,,
2020-03-07,Sweden,,
2020-03-08,Sweden,,
2020-03-09,Sweden,,
2020-03-10,Sweden,,
2020-03-11,Sweden,,
2020-03-12,Sweden,,
2020-03-13,Sweden,,
2020-03-14,Sweden,,
2020-03-15,Sweden,,
2020-03-16,Sweden,,
2020-03-17,Sweden,,
2020-02-26,Switzerland,,
2020-02-27,Switzerland,,
2020-02-28,Switzerland,,
2020-02-29,Switzerland,,
2020-03-01,Switzerland,,
2020-03-02,Switzerland,,
2020-03-03,Switzerland,,
2020-03-04,Switzerland,,
2020-03-05,Switzerland,,
2020-03-06,Switzerland,,
2020-03-07,Switzerland,,
2020-03-08,Switzerland,,
2020-03-09,Switzerland,,
2020-03-10,Switzerland,,
2020-03-11,Switzerland,,
2020-03-12,Switzerland,,
2020-03-13,Switzerland,,
2020-03-14,Switzerland,,
2020-03-15,Switzerland,,
2020-03-16,Switzerland,,
2020-03-17,Switzerland,,
2020-01-21,Thailand,,
2020-01-22,Thailand,,
2020-01-23,Thailand,,
2020-01-24,Thailand,,
2020-01-25,Thailand,,
2020-01-26,Thailand,,
2020-01-27,Thailand,,
2020-01-28,Thailand,,
2020-01-29,Thailand,,
2020-01-30,Thailand,,
2020-01-31,Thailand,,
2020-02-01,Thailand,,
2020-02-02,Thailand,,
2020-02-03,Thailand,,
2020-02-04,Thailand,,
2020-02-05,Thailand,,
2020-02-06,Thailand,,
2020-02-07,Thailand,,
2020-02-08,Thailand,,
2020-02-09,Thailand,,
2020-02-10,Thailand,,
2020-02-11,Thailand,,
2020-02-12,Thailand,,
2020-02-13,Thailand,,
2020-02-14,Thailand,,
2020-02-15,Thailand,,
2020-02-16,Thailand,,
2020-02-17,Thailand,,
2020-02-18,Thailand,,
2020-02-19,Thailand,,
2020-02-20,Thailand,,
2020-02-21,Thailand,,
2020-02-22,Thailand,,
2020-02-23,Thailand,,
2020-02-24,Thailand,,
2020-02-25,Thailand,,
2020-02-26,Thailand,,
2020-02-27,Thailand,,
2020-02-28,Thailand,,
2020-02-29,Thailand,,
2020-03-01,Thailand,,
2020-03-02,Thailand,,
2020-03-03,Thailand,,
2020-03-04,Thailand,,
2020-03-05,Thailand,,
2020-03-06,Thailand,,
2020-03-07,Thailand,,
2020-03-08,Thailand,,
2020-03-09,Thailand,,
2020-03-10,Thailand,,
2020-03-11,Thailand,,
2020-03-12,Thailand,,
2020-03-13,Thailand,,
2020-03-14,Thailand,,
2020-03-15,Thailand,,
2020-03-16,Thailand,,
2020-03-17,Thailand,,
2020-02-01,United Kingdom,,
2020-02-02,United Kingdom,,
2020-02-03,United Kingdom,,
2020-02-04,United Kingdom,,
2020-02-05,United Kingdom,,
2020-02-06,United Kingdom,,
2020-02-07,United Kingdom,,
2020-02-08,United Kingdom,,
2020-02-09,United Kingdom,,
2020-02-10,United Kingdom,,
2020-02-11,United Kingdom,,
2020-02-12,United Kingdom,,
2020-02-13,United Kingdom,,
2020-02-14,United Kingdom,,
2020-02-15,United Kingdom,,
2020-02-16,United Kingdom,,
2020-02-17,United Kingdom,,
2020-02-18,United Kingdom,,
2020-02-19,United Kingdom,,
2020-02-20,United Kingdom,,
2020-02-21,United Kingdom,,
2020-02-22,United Kingdom,,
2020-02-23,United Kingdom,,
2020-02-24,United Kingdom,,
2020-02-25,United Kingdom,,
2020-02-26,United Kingdom,,
2020-02-27,United Kingdom,,
2020-02-28,United Kingdom,,
2020-02-29,United Kingdom,,
2020-03-01,United Kingdom,,
2020-03-02,United Kingdom,,
2020-03-03,United Kingdom,,
2020-03-04,United Kingdom,,
2020-03-05,United Kingdom,,
2020-03-06,United Kingdom,,
2020-03-07,United Kingdom,,
2020-03-08,United Kingdom,,
2020-03-09,United Kingdom,,
2020-03-10,United Kingdom,,
2020-03-11,United Kingdom,,
2020-03-12,United Kingdom,,
2020-03-13,United Kingdom,,
2020-03-14,United Kingdom,,
2020-03-15,United Kingdom,,
2020-03-16,United Kingdom,,
2020-03-17,United Kingdom,,
2020-03-07,Togo,,
2020-03-08,Togo,,
2020-03-09,Togo,,
2020-03-10,Togo,,
2020-03-11,Togo,,
2020-03-12,Togo,,
2020-03-13,Togo,,
2020-03-14,Togo,,
2020-03-15,Togo,,
2020-03-16,Togo,,
2020-03-17,Togo,,
2020-03-14,Trinidad and Tobago,,
2020-03-15,Trinidad and Tobago,,
2020-03-16,Trinidad and Tobago,,
2020-03-17,Trinidad and Tobago,,
2020-03-03,Tunisia,,
2020-03-04,Tunisia,,
2020-03-05,Tunisia,,
2020-03-06,Tunisia,,
2020-03-07,Tunisia,,
2020-03-08,Tunisia,,
2020-03-09,Tunisia,,
2020-03-10,Tunisia,,
2020-03-11,Tunisia,,
2020-03-12,Tunisia,,
2020-03-13,Tunisia,,
2020-03-14,Tunisia,,
2020-03-15,Tunisia,,
2020-03-16,Tunisia,,
2020-03-17,Tunisia,,
2020-03-12,Turkey,,
2020-03-13,Turkey,,
2020-03-14,Turkey,,
2020-03-15,Turkey,,
2020-03-16,Turkey,,
2020-03-17,Turkey,,
2020-03-04,Ukraine,,
2020-03-05,Ukraine,,
2020-03-06,Ukraine,,
2020-03-07,Ukraine,,
2020-03-08,Ukraine,,
2020-03-09,Ukraine,,
2020-03-10,Ukraine,,
2020-03-11,Ukraine,,
2020-03-12,Ukraine,,
2020-03-13,Ukraine,,
2020-03-14,Ukraine,,
2020-03-15,Ukraine,,
2020-03-16,Ukraine,,
2020-03-17,Ukraine,,
2020-01-29,United Arab Emirates,,
2020-01-30,United Arab Emirates,,
2020-01-31,United Arab Emirates,,
2020-02-01,United Arab Emirates,,
2020-02-02,United Arab Emirates,,
2020-02-03,United Arab Emirates,,
2020-02-04,United Arab Emirates,,
2020-02-05,United Arab Emirates,,
2020-02-06,United Arab Emirates,,
2020-02-07,United Arab Emirates,,
2020-02-08,United Arab Emirates,,
2020-02-09,United Arab Emirates,,
2020-02-10,United Arab Emirates,,
2020-02-11,United Arab Emirates,,
2020-02-12,United Arab Emirates,,
2020-02-13,United Arab Emirates,,
2020-02-14,United Arab Emirates,,
2020-02-15,United Arab Emirates,,
2020-02-16,United Arab Emirates,,
2020-02-17,United Arab Emirates,,
2020-02-18,United Arab Emirates,,
2020-02-19,United Arab Emirates,,
2020-02-20,United Arab Emirates,,
2020-02-21,United Arab Emirates,,
2020-02-22,United Arab Emirates,,
2020-02-23,United Arab Emirates,,
2020-02-24,United Arab Emirates,,
2020-02-25,United Arab Emirates,,
2020-02-26,United Arab Emirates,,
2020-02-27,United Arab Emirates,,
2020-02-28,United Arab Emirates,,
2020-02-29,United Arab Emirates,,
2020-03-01,United Arab Emirates,,
2020-03-02,United Arab Emirates,,
2020-03-03,United Arab Emirates,,
2020-03-04,United Arab Emirates,,
2020-03-05,United Arab Emirates,,
2020-03-06,United Arab Emirates,,
2020-03-07,United Arab Emirates,,
2020-03-08,United Arab Emirates,,
2020-03-09,United Arab Emirates,,
2020-03-10,United Arab Emirates,,
2020-03-11,United Arab Emirates,,
2020-03-12,United Arab Emirates,,
2020-03-13,United Arab Emirates,,
2020-03-14,United Arab Emirates,,
2020-03-15,United Arab Emirates,,
2020-03-16,United Arab Emirates,,
2020-03-17,United Arab Emirates,,
2020-03-17,Tanzania,,
2020-03-17,United States Virgin Islands,,
2020-01-23,United States,,
2020-01-24,United States,,
2020-01-25,United States,,
2020-01-26,United States,,
2020-01-27,United States,,
2020-01-28,United States,,
2020-01-29,United States,,
2020-01-30,United States,,
2020-01-31,United States,,
2020-02-01,United States,,
2020-02-02,United States,,
2020-02-03,United States,,
2020-02-04,United States,,
2020-02-05,United States,,
2020-02-06,United States,,
2020-02-07,United States,,
2020-02-08,United States,,
2020-02-09,United States,,
2020-02-10,United States,,
2020-02-11,United States,,
2020-02-12,United States,,
2020-02-13,United States,,
2020-02-14,United States,,
2020-02-15,United States,,
2020-02-16,United States,,
2020-02-17,United States,,
2020-02-18,United States,,
2020-02-19,United States,,
2020-02-20,United States,,
2020-02-21,United States,,
2020-02-22,United States,,
2020-02-23,United States,,
2020-02-24,United States,,
2020-02-25,United States,,
2020-02-26,United States,,
2020-02-27,United States,,
2020-02-28,United States,,
2020-02-29,United States,,
2020-03-01,United States,,
2020-03-02,United States,,
2020-03-03,United States,,
2020-03-04,United States,,
2020-03-05,United States,,
2020-03-06,United States,,
2020-03-07,United States,,
2020-03-08,United States,,
2020-03-09,United States,,
2020-03-10,United States,,
2020-03-11,United States,,
2020-03-12,United States,,
2020-03-13,United States,,
2020-03-14,United States,,
2020-03-15,United States,,
2020-03-16,United States,,
2020-03-17,United States,,
2020-03-16,Uruguay,,
2020-03-17,Uruguay,,
2020-03-16,Uzbekistan,,
2020-03-17,Uzbekistan,,
2020-03-14,Venezuela,,
2020-03-15,Venezuela,,
2020-03-16,Venezuela,,
2020-03-17,Venezuela,,
2020-01-24,Vietnam,,
2020-01-25,Vietnam,,
2020-01-26,Vietnam,,
2020-01-27,Vietnam,,
2020-01-28,Vietnam,,
2020-01-29,Vietnam,,
2020-01-30,Vietnam,,
2020-01-31,Vietnam,,
2020-02-01,Vietnam,,
2020-02-02,Vietnam,,
2020-02-03,Vietnam,,
2020-02-04,Vietnam,,
2020-02-05,Vietnam,,
2020-02-06,Vietnam,,
2020-02-07,Vietnam,,
2020-02-08,Vietnam,,
2020-02-09,Vietnam,,
2020-02-10,Vietnam,,
2020-02-11,Vietnam,,
2020-02-12,Vietnam,,
2020-02-13,Vietnam,,
2020-02-14,Vietnam,,
2020-02-15,Vietnam,,
2020-02-16,Vietnam,,
2020-02-17,Vietnam,,
2020-02-18,Vietnam,,
2020-02-19,Vietnam,,
2020-02-20,Vietnam,,
2020-02-21,Vietnam,,
2020-02-22,Vietnam,,
2020-02-23,Vietnam,,
2020-02-24,Vietnam,,
2020-02-25,Vietnam,,
2020-02-26,Vietnam,,
2020-02-27,Vietnam,,
2020-02-28,Vietnam,,
2020-02-29,Vietnam,,
2020-03-01,Vietnam,,
2020-03-02,Vietnam,,
2020-03-03,Vietnam,,
2020-03-04,Vietnam,,
2020-03-05,Vietnam,,
2020-03-06,Vietnam,,
2020-03-07,Vietnam,,
2020-03-08,Vietnam,,
2020-03-09,Vietnam,,
2020-03-10,Vietnam,,
2020-03-11,Vietnam,,
2020-03-12,Vietnam,,
2020-03-13,Vietnam,,
2020-03-14,Vietnam,,
2020-03-15,Vietnam,,
2020-03-16,Vietnam,,
2020-03-17,Vietnam,,
2020-01-21,World,,
2020-01-22,World,,
2020-01-23,World,,
2020-01-24,World,,
2020-01-25,World,,
2020-01-26,World,,
2020-01-27,World,,
2020-01-28,World,,
2020-01-29,World,,
2020-01-30,World,,
2020-01-31,World,,
2020-02-01,World,,
2020-02-02,World,,
2020-02-03,World,,
2020-02-04,World,,
2020-02-05,World,,
2020-02-06,World,,
2020-02-07,World,,
2020-02-08,World,,
2020-02-09,World,,
2020-02-10,World,,
2020-02-11,World,,
2020-02-12,World,,
2020-02-13,World,,
2020-02-14,World,,
2020-02-15,World,,
2020-02-16,World,,
2020-02-17,World,,
2020-02-18,World,,
2020-02-19,World,,
2020-02-20,World,,
2020-02-21,World,,
2020-02-22,World,,
2020-02-23,World,,
2020-02-24,World,,
2020-02-25,World,,
2020-02-26,World,,
2020-02-27,World,,
2020-02-28,World,,
2020-02-29,World,,
2020-03-01,World,,
2020-03-02,World,,
2020-03-03,World,,
2020-03-04,World,,
2020-03-05,World,,
2020-03-06,World,,
2020-03-07,World,,
2020-03-08,World,,
2020-03-09,World,,
2020-03-10,World,,
2020-03-11,World,,
2020-03-12,World,,
2020-03-13,World,,
2020-03-14,World,,
2020-03-15,World,,
2020-03-16,World,,
2020-03-17,World,,
